,name,temp,wind_speed,humidity,cloud%,lon,lat
0,Qaanaaq,-24.44,8.41,100,0,-69.36,77.48
1,Khatanga,-16.88,8.86,49,80,102.47,71.98
2,Polyarnyy,15.8,1.92,85,75,33.45,69.2
3,Essex,38.53,10.29,69,90,-76.48,39.31
4,Bathsheba,82.4,18.34,65,20,-59.52,13.22
5,Kungurtug,-24.26,1.36,29,0,97.53,50.6
6,Coahuayana,79.97,3.15,33,24,-100.35,18.62
7,Buin,83.3,9.17,28,0,-70.74,-33.73
8,Norman Wells,-14.81,9.17,75,20,-126.83,65.28
9,Saskylakh,-19.35,16.24,55,68,114.09,71.97
10,Kapaa,73.62,5.82,68,75,-159.32,22.08
11,Hermanus,76.73,8.97,52,0,19.24,-34.42
12,Luwingu,70.88,3.15,70,64,29.92,-10.26
13,Busselton,64.17,9.98,100,76,115.35,-33.64
14,Upernavik,8.28,14.12,100,76,-56.15,72.79
15,Bambous Virieux,82.4,8.05,78,40,57.76,-20.34
16,Atuona,78.8,15.46,100,80,-139.03,-9.8
17,Cape Town,75.2,12.75,64,0,18.42,-33.93
18,Yellowknife,-29.21,9.17,66,5,-114.38,62.45
19,Carutapera,80.6,6.62,91,88,-46.02,-1.2
20,Kodiak,30.06,4.7,88,90,-94.76,39.95
21,Barrow,77.63,17.02,54,48,-60.23,-38.31
22,Lufilufi,86.0,6.93,74,40,-171.6,-13.87
23,Punta Arenas,53.6,31.09,83,75,-70.91,-53.16
24,Itarema,82.58,8.19,90,56,-39.92,-2.92
25,Vila Velha,84.2,10.29,74,20,-38.6,-3.71
26,Rikitea,80.82,10.65,95,88,-134.97,-23.12
27,Port Elizabeth,37.58,9.17,66,90,-74.98,39.31
28,Hay River,-23.81,5.82,67,20,-115.79,60.82
29,Dalby,68.0,8.05,88,40,151.26,-27.18
30,Pacific Grove,60.39,11.41,57,75,-121.92,36.62
31,Carnarvon,77.9,7.4,11,0,22.13,-30.97
32,Thompson,-16.61,9.17,68,20,-97.86,55.74
33,Bredasdorp,71.6,14.99,78,68,20.04,-34.53
34,Port Macquarie,71.6,10.29,88,0,152.91,-31.43
35,Fortuna,48.88,4.7,93,0,-1.13,38.18
36,Ushuaia,48.2,34.45,49,20,-68.31,-54.81
37,Kaitangata,59.22,3.04,82,92,169.85,-46.28
38,Jamestown,69.48,1.7,91,92,138.6,-33.21
39,Havoysund,27.88,16.11,79,0,24.66,71.0
40,Airai,70.7,1.25,92,76,125.41,-8.93
41,Hobart,62.6,6.93,77,0,147.33,-42.88
42,Constitucion,66.2,3.36,25,5,-104.67,23.99
43,Boddam,37.4,14.99,86,92,-1.78,57.47
44,Sistranda,24.8,5.82,85,75,8.83,63.73
45,Port Alfred,71.91,21.5,90,100,26.89,-33.59
46,Mount Isa,78.8,4.7,61,0,139.49,-20.73
47,Dikson,8.42,17.25,95,68,80.55,73.51
48,Nanakuli,73.24,4.7,77,90,-158.15,21.39
49,Beloha,80.33,6.06,77,8,45.06,-25.17
50,Pangkalanbuun,74.57,3.38,92,64,111.62,-2.68
51,Quelimane,82.4,6.93,83,40,36.89,-17.88
52,Muros,47.28,5.82,93,75,-9.06,42.77
53,East London,69.8,18.34,88,90,27.91,-33.02
54,Mwinilunga,67.82,1.92,83,8,24.43,-11.73
55,Vaini,65.34,3.94,70,0,74.49,15.34
56,Katsuura,39.2,8.05,69,20,134.5,33.93
57,New Norfolk,62.6,6.93,77,0,147.06,-42.78
58,Muisne,78.8,10.29,94,75,-80.02,0.61
59,Walvis Bay,68.0,8.05,77,0,14.51,-22.95
60,Avera,55.69,8.05,39,1,-82.53,33.19
61,Kahului,71.4,3.36,65,20,-156.47,20.89
62,Chichester,41.0,6.93,87,40,-0.78,50.84
63,Ambanja,72.54,2.59,99,92,48.45,-13.68
64,Guerrero Negro,65.97,3.6,75,36,-114.04,27.97
65,Mataura,58.05,2.71,93,92,168.86,-46.19
66,Akhalgori,44.6,3.36,52,0,44.48,42.13
67,Ilulissat,17.6,12.75,67,75,-51.1,69.22
68,Corinto,96.39,4.27,39,0,-44.46,-18.36
69,Acapulco,84.2,6.93,62,90,-99.88,16.86
70,Shiyan,18.54,2.04,76,0,110.78,32.65
71,Bastos,93.42,7.63,47,12,-50.73,-21.92
72,Butaritari,84.47,20.27,100,80,172.79,3.07
73,Broome,40.1,8.05,93,40,1.45,52.47
74,Wiset Chai Chan,74.03,3.6,70,8,100.36,14.6
75,Plouzane,44.31,5.82,87,20,-4.62,48.38
76,Skjervoy,22.86,6.93,68,75,20.97,70.03
77,Portland,41.86,16.11,54,75,-122.67,45.52
78,Deputatskiy,-56.25,2.59,0,0,139.9,69.3
79,Codrington,66.87,3.38,93,75,153.24,-28.95
80,Ponta do Sol,92.3,5.17,40,8,-46.0,-20.63
81,San Cristobal,61.56,13.87,63,75,-78.55,-0.39
82,Nkhotakota,74.07,3.6,98,20,34.3,-12.93
83,Agadez,71.6,13.87,10,0,7.99,16.97
84,Albany,34.39,12.75,45,90,-73.75,42.65
85,Yulara,91.4,2.24,26,12,130.99,-25.24
86,Nome,60.84,6.93,60,90,-94.42,30.04
87,Cherskiy,-27.86,4.05,45,88,161.3,68.75
88,Touros,86.0,18.34,70,20,-35.46,-5.2
89,Hithadhoo,82.8,5.39,100,24,73.08,-0.6
90,Tiksi,-43.88,6.96,0,0,128.87,71.64
91,Bluff,71.01,8.19,76,0,149.07,-23.58
92,High Level,-9.41,10.29,76,75,-117.13,58.52
93,Awjilah,48.65,5.95,59,0,21.3,29.14
94,Geraldton,-11.21,10.29,57,5,-86.95,49.72
95,Narsaq,32.0,1.12,90,75,-46.05,60.91
96,Ribeira Grande,60.8,12.75,87,75,-28.7,38.52
97,Maniitsoq,18.9,11.43,100,68,-52.9,65.42
98,Gizo,52.86,11.41,70,75,34.94,31.8
99,Lucapa,72.68,3.71,87,32,20.74,-8.42
100,Pechora,20.52,7.74,85,92,57.16,65.12
101,Caronport,12.2,6.93,92,90,-105.81,50.46
102,Tasiilaq,19.4,26.4,79,90,-37.64,65.61
103,Madang,76.55,2.71,100,68,145.81,-5.21
104,Najran,68.0,3.27,22,0,44.22,17.54
105,Lata,37.71,2.04,88,88,78.62,30.78
106,Kutum,65.25,8.97,50,0,24.66,14.2
107,Beira,48.04,8.05,93,75,-8.36,43.2
108,Bonavista,23.0,10.42,100,0,-53.11,48.65
109,Avarua,80.6,9.17,78,75,-159.78,-21.21
110,Terre Haute,35.38,4.61,81,90,-87.41,39.47
111,Poum,12.47,1.92,76,0,20.71,41.28
112,Saint-Augustin,51.98,9.17,87,90,-0.61,44.83
113,Palkonda,59.72,2.82,100,0,83.76,18.6
114,Conceicao do Araguaia,89.19,4.38,81,20,-49.26,-8.26
115,Jaguariaiva,78.3,7.4,100,44,-49.71,-24.25
116,Yaan,85.86,7.74,24,0,8.57,7.38
117,Cururupu,83.57,7.63,81,92,-44.87,-1.82
118,Campbeltown,39.29,20.8,93,40,-5.61,55.43
119,Paracuru,84.2,10.29,74,20,-39.03,-3.41
120,Nadym,8.64,6.17,87,88,72.51,65.53
121,Morgan City,57.87,5.82,63,90,-91.21,29.7
122,Bonthe,86.67,6.17,65,0,-12.5,7.53
123,Tautira,87.8,12.75,66,20,-149.15,-17.73
124,Vardo,38.34,11.41,56,90,-77.74,39.62
125,Bethel,7.25,12.75,83,1,-161.76,60.79
126,Seymchan,-54.14,1.92,0,0,152.39,62.93
127,Chupa,57.2,10.29,41,75,-69.99,-15.11
128,Klaksvik,32.0,28.86,100,48,-6.59,62.23
129,Linxia,1.85,2.37,51,0,103.21,35.6
130,Faanui,82.89,13.22,100,20,-151.75,-16.48
131,Hofn,30.2,13.87,58,0,-15.21,64.25
132,Muroto,35.55,7.74,100,0,134.14,33.37
133,Bandarbeyla,75.96,11.77,100,0,50.81,9.49
134,Georgetown,84.2,18.34,74,75,-58.16,6.8
135,Dingle,74.7,12.88,76,24,122.67,11.0
136,Camacha,59.74,13.87,63,40,-16.33,33.08
137,Longyearbyen,5.0,6.93,77,20,15.63,78.22
138,Leningradskiy,-4.64,23.06,95,20,178.42,69.38
139,Praia,87.57,4.7,40,20,-43.81,-20.25
140,Port Hedland,84.2,12.75,83,88,118.58,-20.31
141,Saldanha,39.78,3.38,99,64,-6.55,41.42
142,Hammerfest,26.1,16.11,79,0,23.68,70.66
143,Mithi,63.09,8.41,87,0,69.8,24.74
144,Vanavara,-0.99,4.38,77,48,102.28,60.35
145,Labuhan,73.4,0.81,96,92,115.51,-2.54
146,Esperance,86.0,13.87,58,20,-61.45,10.24
147,Victoria,77.79,5.84,94,75,115.24,5.28
148,Rio Grande,89.6,11.41,55,75,-52.1,-32.03
149,Gualaquiza,65.25,2.15,97,76,-78.58,-3.4
150,Grieskirchen,33.8,2.24,86,75,13.83,48.23
151,Sampit,75.06,3.04,95,88,112.95,-2.54
152,Sechura,81.77,9.75,70,0,-80.82,-5.56
153,Kavieng,84.24,8.75,100,20,150.8,-2.57
154,Madimba,82.4,1.12,88,20,9.93,4.42
155,Stolin,26.37,7.4,93,76,26.85,51.89
156,Gigmoto,78.03,10.98,98,88,124.39,13.78
157,Kavaratti,81.9,4.16,100,0,72.64,10.57
158,Sao Jose da Coroa Grande,81.99,11.77,87,80,-35.15,-8.9
159,Samarai,82.4,12.66,100,68,150.67,-10.62
160,Puerto Ayora,86.0,14.99,62,20,-90.35,-0.74
161,Storslett,17.6,2.24,85,75,21.03,69.77
162,Ratnagiri,77.45,9.64,100,0,73.3,16.98
163,Yaqui,73.4,6.93,53,40,-110.17,27.37
164,Chulym,7.11,6.51,78,68,80.97,55.09
165,Waddan,46.13,6.17,55,0,16.14,29.16
166,Seybaplaya,80.6,11.41,57,40,-90.67,19.65
167,Antofagasta,69.8,17.22,60,40,-70.4,-23.65
168,Vila Franca do Campo,59.0,3.36,72,20,-25.43,37.72
169,Tornio,18.77,4.7,92,90,27.27,61.12
170,Barra Patuca,81.72,9.75,80,0,-84.28,15.8
171,Hilo,71.06,5.82,58,90,-155.08,19.71
172,Darhan,-10.76,2.59,33,0,105.92,49.49
173,Panzhihua,32.9,2.48,72,0,101.72,26.59
174,Kaeo,63.81,12.66,84,44,173.78,-35.1
175,Jiutai,-2.21,2.24,70,0,125.84,44.15
176,Lazaro Cardenas,60.8,8.05,51,20,-105.62,28.39
177,Victor Harbor,77.0,1.12,61,0,138.62,-35.55
178,Solkan,39.15,4.7,86,75,13.65,45.97
179,Winsum,42.22,18.34,93,90,6.52,53.33
180,Turukhansk,6.17,9.53,80,68,87.96,65.8
181,Mehamn,28.81,4.7,68,40,27.85,71.03
182,Hualmay,77.72,8.52,66,20,-77.61,-11.1
183,Chokurdakh,-50.94,2.71,0,8,147.9,70.62
184,Uribia,88.74,18.81,46,0,-72.27,11.71
185,Gevrai,59.22,5.73,73,0,75.75,19.27
186,Callaway,4.77,4.27,75,40,-95.91,46.98
187,Loveland,41.97,2.71,30,1,-105.08,40.4
188,Hue,64.4,12.75,100,75,107.58,16.47
189,Byron Bay,69.33,3.36,83,20,153.62,-28.65
190,Castro,60.8,9.17,55,0,-73.76,-42.48
191,Sept-Iles,17.6,16.11,85,90,-66.38,50.2
192,Port Blair,81.95,14.56,100,8,92.75,11.67
193,Anadyr,-5.81,13.42,83,90,177.51,64.73
194,Guiratinga,90.27,5.39,66,32,-53.76,-16.35
195,Aykhal,-20.52,6.06,56,24,111.51,65.95
196,Guadalupe y Calvo,57.65,2.48,34,20,-106.96,26.09
197,Wattegama,67.14,4.38,94,20,80.68,7.35
198,General Roca,80.6,14.99,14,0,-67.58,-39.03
199,Talcahuano,71.6,20.8,43,0,-73.12,-36.72
200,Santa catarina de Tepehuanes,59.9,3.38,43,0,-105.72,25.34
201,Itacoatiara,89.6,6.93,59,20,-58.44,-3.14
202,Neuquen,80.6,14.99,14,0,-68.06,-38.95
203,Taseyevo,8.37,3.94,79,80,94.9,57.22
204,Dubbo,78.8,10.29,50,0,148.6,-32.25
205,Athabasca,-0.99,5.39,85,68,-113.29,54.72
206,Jalu,48.65,6.51,51,0,21.55,29.03
207,Pozo Colorado,96.17,16.35,56,0,-58.8,-23.49
208,Cidreira,86.4,17.36,78,36,-50.22,-30.17
209,Ilesha,84.06,3.6,57,20,5.26,7.14
210,Luau,76.14,2.26,65,80,22.23,-10.7
211,Cusco,66.2,1.92,37,40,-71.98,-13.52
212,Olonets,23.13,6.73,83,88,32.97,60.98
213,Yumen,-2.66,2.93,61,36,97.04,40.29
214,Olinda,86.0,9.17,70,75,-79.75,-2.03
215,Olenino,22.28,11.65,88,80,33.48,56.21
216,Bahia Blanca,78.98,14.12,53,8,-62.27,-38.72
217,Zimovniki,23.0,7.63,89,32,42.46,47.15
218,Trairi,80.33,11.43,100,20,-39.27,-3.28
219,Ostrovnoy,19.35,8.97,91,80,39.51,68.05
220,Bayan,-16.56,2.93,40,8,107.54,47.25
221,Tres Arroyos,77.63,17.02,54,48,-60.28,-38.38
222,Beringovskiy,-3.56,2.93,100,44,179.32,63.05
223,Santa Rosa,83.97,10.65,47,36,-64.29,-36.62
224,Ossora,-20.25,8.3,88,0,163.07,59.24
225,Kununurra,78.8,4.7,94,40,128.74,-15.77
226,Wenling,40.41,9.42,100,92,121.38,28.38
227,Pocone,92.88,7.96,72,0,-56.62,-16.26
228,Necochea,77.27,18.25,70,0,-58.74,-38.55
229,Taoudenni,63.45,4.38,20,88,-3.98,22.68
230,Solnechnyy,-12.42,6.73,57,44,136.64,50.72
231,Severo-Kurilsk,29.3,15.68,100,80,156.12,50.68
232,Llanes,40.59,1.81,89,88,-4.75,43.42
233,Namatanai,83.3,7.74,100,48,152.44,-3.66
234,Khasan,18.68,15.46,79,0,130.64,42.43
235,Mount Gambier,68.0,6.93,77,80,140.78,-37.83
236,Ferme-Neuve,10.08,12.66,53,24,-75.45,46.7
237,Leshukonskoye,21.87,4.05,76,80,45.76,64.9
238,Bamiantong,-2.39,12.66,46,12,130.53,44.93
239,Tual,78.35,13.56,100,92,132.75,-5.67
240,Omsukchan,-49.46,2.37,0,24,155.8,62.53
241,Ongandjera,86.04,4.61,26,44,15.07,-17.88
242,Batagay,-70.16,2.82,0,0,134.64,67.65
243,Benidorm,48.2,4.7,93,0,-0.13,38.54
244,Arraial do Cabo,92.48,13.87,55,0,-42.02,-22.97
245,Port Lincoln,76.55,6.17,69,80,135.86,-34.72
246,Les Cayes,75.06,6.4,100,80,-73.75,18.19
247,Manicore,84.2,9.17,79,40,-61.3,-5.81
248,Provideniya,22.86,10.54,100,92,-173.23,64.42
249,Lebu,52.56,3.94,50,0,38.73,8.96
250,Novyy Urengoy,6.12,7.52,81,76,76.63,66.08
251,Goderich,25.38,20.71,79,68,-81.71,43.74
252,Comodoro Rivadavia,64.4,9.17,36,40,-67.48,-45.87
253,Koumac,72.68,6.62,94,8,164.28,-20.56
254,El Sauzal,84.2,9.17,58,40,-64.96,-24.3
255,Pryazha,23.0,6.71,92,92,33.62,61.69
256,Aksarka,-1.71,3.15,70,68,67.8,66.56
257,Santiago de Cao,71.6,12.75,83,20,-79.24,-7.96
258,Aklavik,-20.69,6.93,74,20,-135.01,68.22
259,Xuddur,75.33,7.74,49,0,43.89,4.12
260,Sinnamary,80.1,11.21,94,56,-52.96,5.38
261,Ukiah,53.06,18.34,89,90,-123.21,39.15
262,Kudahuvadhoo,80.42,12.33,100,80,72.89,2.67
263,Leh,-5.76,1.7,75,76,77.58,34.16
264,Bonnyville,-0.41,4.61,64,90,-110.74,54.27
265,Poso,75.92,0.25,100,92,120.75,-1.4
266,Chateauneuf-les-Martigues,50.86,10.29,62,90,5.17,43.38
267,Yuryevets,8.28,7.4,86,20,43.11,57.32
268,Constanza,84.2,4.7,58,20,-70.74,18.91
269,Teya,82.4,4.7,45,75,-89.07,21.05
270,Damghan,32.04,1.59,80,36,54.34,36.17
271,Ribeira Brava,59.0,4.7,62,20,-17.07,32.65
272,Ciudad Bolivar,90.23,13.78,48,48,-63.55,8.12
273,Torbay,21.2,10.29,85,90,-52.73,47.66
274,Clyde River,-29.21,13.87,73,75,-68.59,70.47
275,Parkersburg,33.67,6.93,81,90,-81.55,39.27
276,Luderitz,66.6,17.25,63,0,15.16,-26.65
277,North Las Vegas,55.11,6.93,67,20,-115.11,36.2
278,Beaverlodge,6.8,10.29,84,90,-119.43,55.21
279,Nanortalik,27.72,13.56,100,92,-45.24,60.14
280,Mahebourg,82.4,8.05,78,40,57.7,-20.41
281,Mecca,70.11,9.19,66,32,39.83,21.43
282,San Borja,79.11,3.6,84,80,-66.75,-14.86
283,Borujerd,45.68,11.41,87,75,48.76,33.89
284,Caravelas,81.09,10.54,100,76,-39.27,-17.73
285,Tambovka,29.3,8.75,92,76,35.45,46.93
286,Koslan,21.78,4.61,87,80,48.9,63.46
287,Saint-Philippe,29.12,17.22,68,90,-73.48,45.36
288,Tabou,83.52,13.44,99,0,-7.36,4.42
289,Mamallapuram,73.4,13.67,94,0,80.17,12.63
290,Kotido,73.67,4.61,49,20,34.12,3.01
291,Manjeshwar,75.2,5.82,69,0,74.89,12.72
292,Severomuysk,-6.26,1.92,85,68,113.57,56.17
293,Santiago del Estero,87.78,10.92,64,76,-64.26,-27.8
294,Mahibadhoo,81.32,13.11,100,56,72.97,3.78
295,Sorland,27.21,6.93,58,40,12.69,67.67
296,Salinopolis,79.7,5.61,100,64,-47.36,-0.61
297,Odemira,50.9,3.15,99,92,-8.64,37.6
298,Hambantota,77.0,13.87,88,40,81.12,6.12
299,Rawson,67.05,17.13,34,76,-65.11,-43.3
300,Mar del Plata,68.18,11.21,33,24,-67.52,-46.43
301,Adrar,57.2,6.93,24,0,-0.29,27.87
302,Amudat,62.19,4.61,93,36,34.95,1.95
303,Grindavik,22.82,4.7,68,0,-22.43,63.84
304,Alofi,82.4,8.05,88,92,-169.92,-19.06
305,Turbat,62.6,5.17,90,0,63.05,26.0
306,Ambulu,76.68,3.04,100,88,113.61,-8.35
307,Ancud,60.8,9.17,55,0,-73.83,-41.87
308,Vestmannaeyjar,32.0,5.82,100,0,-20.27,63.44
309,Karacabey,32.0,6.93,93,0,28.36,40.21
310,Flinders,71.6,4.7,100,90,150.85,-34.58
311,Tuktoyaktuk,-20.21,16.11,75,20,-133.03,69.44
312,Harper,59.13,8.05,80,90,-99.24,30.3
313,Gat,87.55,10.29,53,0,-16.54,14.69
314,Tigil,-16.83,8.75,49,24,158.67,57.8
315,Moroni,31.59,3.04,91,88,-111.59,39.52
316,Marumori,34.29,9.64,100,0,140.76,37.9
317,Sete,30.65,2.15,69,32,86.44,27.58
318,Mazamari,73.98,2.48,80,56,-74.53,-11.33
319,Souillac,44.6,11.41,93,75,-0.6,45.6
320,Sambava,77.63,4.38,100,88,50.17,-14.27
321,Lakatoro,78.84,6.73,100,36,167.42,-16.11
322,Saint-Leu,79.66,4.7,65,40,55.28,-21.15
323,Sao Filipe,73.22,14.12,93,0,-24.5,14.9
324,Nagato,36.01,10.29,56,75,131.14,34.35
325,Maunabo,80.87,9.17,63,1,-65.9,18.01
326,Katiola,86.0,2.93,42,0,-5.1,8.14
327,Bugiri,66.2,3.38,94,80,33.75,0.57
328,Santa Maria,80.6,9.17,78,75,-53.81,-29.69
329,Kaniama,68.03,1.63,92,8,24.18,-7.57
330,Namibe,74.75,11.21,100,92,12.15,-15.19
331,Half Moon Bay,60.44,31.09,76,90,-122.43,37.46
332,Zagreb,43.52,10.29,73,0,15.98,45.81
333,Laguna,73.4,6.93,53,40,-110.01,27.52
334,Yeppoon,73.4,6.93,83,92,150.74,-23.13
335,Chuy,76.94,13.82,89,0,-53.46,-33.69
336,Coquimbo,69.8,11.41,60,20,-71.34,-29.95
337,Save,80.99,7.0,67,24,2.49,8.04
338,Chicama,71.6,12.75,83,20,-79.15,-7.84
339,Kruisfontein,68.03,17.07,94,92,24.73,-34.0
340,Le Port,17.54,0.85,76,36,1.37,42.87
341,Hasaki,34.65,5.82,55,75,140.83,35.73
342,Port Hardy,44.6,13.87,70,75,-127.42,50.7
343,Lavrentiya,28.43,10.8,98,92,-170.99,65.58
344,Gairo,61.46,2.64,99,36,36.87,-6.14
345,Port Augusta,75.2,13.87,83,44,137.76,-32.49
346,Salalah,77.0,4.7,65,75,54.1,17.01
347,Marawi,64.2,1.97,100,36,124.29,8.0
348,Ust-Nera,-66.08,1.63,0,0,143.24,64.57
349,Sishui,17.4,3.42,60,0,117.27,35.66
350,Kattivakkam,73.4,9.35,94,0,80.32,13.22
351,Baraboo,27.09,6.85,49,1,-89.74,43.47
352,Igarka,1.88,5.21,88,68,86.57,67.47
353,Pevek,-5.19,14.94,97,76,170.27,69.7
354,Semnan,48.2,3.65,57,75,53.39,35.58
355,Piacabucu,80.58,12.48,74,92,-36.43,-10.41
356,Pochutla,87.24,2.19,41,75,-96.47,15.74
357,Banjarmasin,75.2,5.82,100,90,114.59,-3.32
358,Ierapetra,42.8,6.93,81,20,25.74,35.01
359,Cayenne,84.2,13.87,70,75,-52.33,4.94
360,Grand-Bourg,81.25,9.17,74,75,-61.31,15.88
361,Pahrump,49.28,6.93,77,90,-115.98,36.21
362,Palauig,66.72,4.65,100,8,119.9,15.44
363,Lompoc,61.3,12.75,83,90,-120.46,34.64
364,Tiarei,87.8,12.75,66,20,-149.33,-17.53
365,Lac du Bonnet,-5.73,5.66,84,0,-96.06,50.25
366,Sangar,-46.37,2.75,0,0,127.47,63.92
367,Sandakan,78.8,8.05,83,75,118.12,5.84
368,Barmer,50.21,2.98,78,0,71.4,25.74
369,Haines Junction,5.48,2.64,88,76,-137.51,60.75
370,Yichun,-18.51,7.45,52,8,128.88,47.72
371,Hami,10.2,3.31,76,92,93.51,42.84
372,Kaura Namoda,65.55,9.69,24,0,6.58,12.59
373,Nouadhibou,71.6,13.87,46,0,-17.03,20.93
374,Noumea,68.0,9.24,82,0,166.46,-22.28
375,Nador,51.76,3.36,76,24,-2.93,35.17
376,Ulaangom,-10.28,1.07,57,48,92.07,49.98
377,Virginia Beach,49.87,13.87,47,20,-75.98,36.85
378,Makat,34.77,21.09,88,0,53.35,47.65
379,Berezovyy,-16.98,5.99,46,68,135.7,51.67
380,La Asuncion,63.59,5.82,63,75,-78.74,-1.64
381,Puerto Baquerizo Moreno,84.2,19.46,70,20,-89.6,-0.9
382,Manakara,79.14,11.92,93,20,48.01,-22.14
383,Castrillon,51.8,6.93,76,75,-6.79,43.4
384,Grand Forks,-1.25,4.32,71,75,-97.06,47.91
385,Bam,55.13,4.72,35,0,58.36,29.11
386,Southbridge,35.64,10.29,61,40,-72.03,42.08
387,Robertson,62.13,1.97,80,0,19.88,-33.8
388,Nikolskoye,23.0,2.24,92,90,30.79,59.7
389,Kantunilkin,75.2,4.7,60,75,-87.49,21.1
390,Lapeer,26.06,6.93,56,1,-83.32,43.05
391,Furth im Wald,35.6,6.93,80,75,12.85,49.31
392,Thinadhoo,80.36,1.63,100,76,72.93,0.53
393,Yingcheng,28.4,3.65,100,0,113.57,30.93
394,Dunedin,65.24,3.31,85,64,170.5,-45.87
395,Chapais,-7.61,14.99,63,90,-74.86,49.78
396,Ponnani,75.2,3.36,73,0,75.93,10.77
397,Nueva Helvecia,79.32,1.97,86,0,-57.23,-34.28
398,Marienburg,41.05,12.75,75,75,9.98,52.12
399,Baherden,44.31,6.55,66,12,57.43,38.44
400,Belousovka,23.0,6.71,92,90,82.52,50.13
401,Armizonskoye,12.0,11.48,81,48,67.67,55.95
402,Tomatlan,81.57,2.98,62,88,-105.25,19.93
403,Grand Gaube,82.4,8.05,78,40,57.66,-20.01
404,Eureka,55.74,19.46,66,90,-124.16,40.8
405,Thunder Bay,1.4,9.17,49,20,-89.26,48.41
406,La Ronge,-7.61,3.31,76,90,-105.3,55.1
407,Falam,37.88,0.4,86,0,93.68,22.91
408,Nelson Bay,69.8,3.36,94,0,152.14,-32.72
409,Banda Aceh,72.98,2.75,100,32,95.32,5.56
410,Ahipara,68.03,13.6,81,76,173.16,-35.17
411,Lagoa,57.2,3.36,71,40,-8.45,37.14
412,Xuanhua,-2.63,2.64,43,0,115.04,40.61
413,Springfield,42.76,10.29,73,90,-93.29,37.22
414,Coihaique,62.6,26.4,39,20,-72.07,-45.58
415,Dong Hoi,66.09,16.84,100,92,106.6,17.48
416,Chitral,0.98,0.51,86,8,71.79,35.85
417,Tromso,17.11,5.82,68,75,18.96,69.65
418,Revelstoke,21.2,2.24,67,90,-118.19,50.99
419,Zaranj,51.8,4.7,27,0,61.86,30.95
420,Faya,59.92,3.36,80,0,42.45,18.39
421,Marisel,32.36,11.41,92,40,23.13,46.65
422,Bonoua,86.0,11.41,79,20,-3.6,5.27
423,Maxixe,80.6,6.93,94,75,35.35,-23.86
424,Fukue,38.93,19.46,75,40,136.69,35.03
425,Sitka,42.83,7.0,91,76,-99.65,37.17
426,Uruana,87.42,2.86,64,12,-49.69,-15.5
427,Pisco,71.6,24.16,30,0,-76.2,-13.71
428,San Patricio,88.59,2.75,76,20,-56.83,-26.98
429,Orotukan,-51.77,3.42,0,0,151.67,62.26
430,Mayo,12.2,2.64,92,90,-135.9,63.59
431,Rania,39.36,2.64,78,0,75.88,30.82
432,Ahuimanu,73.22,6.93,71,40,-157.84,21.44
433,Saint-Francois,33.8,3.36,86,20,3.91,46.42
434,Shasta Lake,45.99,9.8,87,90,-122.36,40.68
435,West Bay,40.42,4.7,86,0,-2.76,50.71
436,Chifeng,2.51,2.86,61,0,118.96,42.27
437,Cervo,76.62,3.65,79,56,-46.24,-22.19
438,El Retorno,77.79,2.64,91,64,-72.63,2.33
439,San Rafael,85.49,8.46,14,20,-68.33,-34.61
440,Halifax,31.06,13.87,100,90,-63.58,44.65
441,Matara,55.4,10.29,50,75,-72.9,-13.74
442,Oranjestad,82.4,23.04,69,40,-70.03,12.52
443,Paciran,70.68,4.21,99,68,112.33,-6.9
444,Usinsk,20.19,8.79,90,80,57.56,66.0
445,Cabo San Lucas,77.0,8.05,57,40,-109.91,22.89
446,Haicheng,-0.69,2.64,44,0,122.74,40.85
447,Chimbote,75.51,8.41,78,0,-78.59,-9.08
448,Kaiyuan,-1.32,2.98,69,0,124.04,42.54
449,Cranbrook,12.7,4.7,85,90,-115.76,49.51
450,Rochegda,18.39,4.76,78,68,43.41,62.67
451,Dolores,81.08,3.87,83,0,-58.22,-33.53
452,Coro,82.65,12.26,67,0,-69.67,11.41
453,Marzuq,41.93,2.75,84,0,46.47,14.4
454,Little Current,8.6,8.05,55,1,-81.93,45.98
455,Amol,53.6,1.63,87,0,52.35,36.47
456,Barcelona,49.06,6.93,87,75,2.18,41.38
457,Leiyang,35.18,4.32,100,88,112.85,26.42
458,Buala,82.2,6.44,93,80,159.59,-8.15
459,Makkaveyevo,-5.81,2.24,83,56,113.95,51.75
460,Targu Ocna,33.8,4.7,86,40,26.62,46.28
461,Caucaia,84.2,10.29,74,20,-38.66,-3.73
462,Banikoara,68.97,6.67,40,0,2.44,11.3
463,Ordu,37.4,8.05,86,75,37.88,40.98
464,Flagstaff,42.51,10.29,78,90,-111.65,35.2
465,Myitkyina,48.41,2.19,85,0,97.4,25.38
466,Gusau,65.69,9.46,23,0,6.66,12.17
467,Bubaque,81.53,10.69,93,0,-15.83,11.28
468,Agirish,16.73,7.78,85,88,63.02,61.92
469,Togur,10.79,7.34,86,80,82.83,58.36
470,Tarnogskiy Gorodok,15.6,10.25,88,68,43.58,60.5
471,Cangzhou,13.71,2.98,71,0,116.85,38.3
472,Lewistown,32.63,3.36,90,90,-90.15,40.39
473,Mairang,59.0,2.3,87,20,91.64,25.56
474,Seoul,28.13,2.24,68,75,126.98,37.57
475,Grand-Lahou,80.31,6.44,79,0,-5.0,5.24
476,Oliveira de Azemeis,50.95,5.82,100,75,-8.48,40.84
477,Oksfjord,21.7,6.93,68,75,22.35,70.24
478,Show Low,48.34,17.22,75,75,-110.03,34.25
479,Varhaug,39.2,12.75,100,40,5.65,58.61
480,Morant Bay,80.6,6.93,61,40,-76.41,17.88
481,Wukari,78.29,11.14,26,0,9.78,7.87
482,Gavle,27.66,4.65,99,92,17.14,60.67
483,Pasni,71.76,12.03,98,0,63.48,25.26
484,Kapustin Yar,27.12,13.6,91,76,45.77,48.58
485,Saint Anthony,31.96,4.21,85,90,-111.68,43.97
486,Kondinskoye,18.89,7.23,88,76,67.41,59.65
487,Ranfurly,3.09,4.76,87,64,-111.68,53.41
488,Naze,84.2,6.93,79,40,7.07,5.43
489,Port-Cartier,17.6,16.11,85,90,-66.88,50.03
490,Riyadh,68.0,3.36,40,5,46.72,24.63
491,Blacksburg,35.17,5.82,89,90,-80.41,37.23
492,Goldap,37.02,15.84,94,88,22.3,54.31
493,Chopan,42.42,2.64,78,0,83.02,24.52
494,Cockburn Town,77.84,4.76,100,24,-71.14,21.46
495,Karachi,69.8,6.4,77,20,67.03,24.87
496,Tamiahua,69.24,7.0,100,92,-97.45,21.28
497,Tonstad,39.2,12.75,87,40,6.71,58.66
498,Canillo,19.43,1.74,74,64,1.6,42.57
499,Uvira,62.18,1.74,100,88,29.14,-3.41
500,Taksimo,-13.83,1.41,75,44,114.84,56.36
501,Makakilo City,73.22,10.29,58,75,-158.09,21.35
502,Milkovo,42.8,12.75,45,40,24.68,41.53
503,Ponta Delgada,59.0,3.36,72,20,-25.67,37.73
504,Shelburne,22.8,11.41,78,90,-80.2,44.08
505,Angoram,73.56,2.75,100,92,144.07,-4.06
